opis,delo,pages_expected,status,title,source_url
Опись 1,290,3,ok,"Текст объявления К.Э. Циолковского в газету о болиде, виденном в Московской области 14 мая 1934 г. Вид материала: объявление Способ воспроизведения: машинопись Языки: русский",https://www.ras.ru/ktsiolkovskyarchive/1_actview.aspx?id=293
Опись 1,291,41,ok,"Статья К.Э. Циолковского ""О болиде 14 мая 1934 г., виденном в Московской области"". Вид материала: статья Способ воспроизведения: автограф, машинопись с правкой автора Языки: русский",https://www.ras.ru/ktsiolkovskyarchive/1_actview.aspx?id=294
Опись 3,187,6,ok,"Письма редакции газеты ""Известия"" К.Э. Циолковскому с просьбой выслать статьи о болиде и отказ от помещения статьи в журнале ""Сорена"". Вид материала: письмо, телеграмма Способ воспроизведения: машинопись Языки: русский",https://www.ras.ru/ktsiolkovskyarchive/1_actview.aspx?id=990
Опись 4,744,3,ok,"Письмо преподавателя физики Александротальского с/х техникума А. Абрамова к К.Э. Циолковскому в ответ на его заметку ""Кто видел Болид?"". Вид материала: письмо Способ воспроизведения: автограф Языки: русский",https://www.ras.ru/ktsiolkovskyarchive/1_actview.aspx?id=1756
Опись 4,745,6,ok,"Письма преподавателя физики и математики Б.В. Агафонова к К.Э. Циолковскому в ответ на его заметку ""Кто видел Болид?"". Вид материала: письма Способ воспроизведения: автограф, машинопись Языки: русский",https://www.ras.ru/ktsiolkovskyarchive/1_actview.aspx?id=1757
Опись 4,746,6,ok,"Письмо начальника отдела технического контроля завода №75 Л.Л. Алексеева к К.Э. Циолковскому в ответ на его заметку ""Кто видел Болид?"". Вид материала: письмо Способ воспроизведения: автограф Языки: русский",https://www.ras.ru/ktsiolkovskyarchive/1_actview.aspx?id=1758
Опись 4,747,4,ok,"Письмо мастера Дорогомиловского химзавода Б.Д. Алмазова к К.Э. Циолковскому в ответ на его заметку ""Кто видел Болид?"". Вид материала: письмо Способ воспроизведения: автограф Языки: русский",https://www.ras.ru/ktsiolkovskyarchive/1_actview.aspx?id=1759
Опись 4,748,3,ok,"Письмо специального редактора журнала ""Фронт фабзавуча"" Б. Андреева к К.Э. Циолковскому в ответ на его заметку ""Кто видел Болид?"". Вид материала: письмо Способ воспроизведения: автограф Языки: русский, украинский",https://www.ras.ru/ktsiolkovskyarchive/1_actview.aspx?id=1760
Опись 4,749,4,ok,"Письмо К.К. Аникина к К.Э. Циолковскому в ответ на его заметку ""Кто видел Болид?"". Вид материала: письмо Способ воспроизведения: автограф Языки: русский",https://www.ras.ru/ktsiolkovskyarchive/1_actview.aspx?id=1761
Опись 4,750,5,ok,"Письмо члена Московской коллегии защитников Григория Евгеньевича Артынова к К.Э. Циолковскому в ответ на его заметку ""Кто видел Болид?"". Вид материала: письмо Способ воспроизведения: автограф Языки: русский",https://www.ras.ru/ktsiolkovskyarchive/1_actview.aspx?id=1762
Опись 4,751,5,ok,"Письмо А.Е. Архангельского и Гуреева к К.Э. Циолковскому в ответ на его заметку ""Кто видел Болид?"". Вид материала: письмо Способ воспроизведения: автограф Языки: русский",https://www.ras.ru/ktsiolkovskyarchive/1_actview.aspx?id=1763
Опись 4,752,5,ok,"Письмо преподавателя педтехникума Барага к К.Э. Циолковскому в ответ на его заметку ""Кто видел Болид?"". Вид материала: письмо Способ воспроизведения: автограф Языки: русский",https://www.ras.ru/ktsiolkovskyarchive/1_actview.aspx?id=1764
Опись 4,753,5,ok,"Письмо Ф. Барынкина и О. Паутовой к К.Э. Циолковскому в ответ на его заметку ""Кто видел Болид?"". Вид материала: письмо Способ воспроизведения: автограф Языки: русский",https://www.ras.ru/ktsiolkovskyarchive/1_actview.aspx?id=1765
Опись 4,754,3,ok,"Письмо Ирины Владимировны Барыкиной к К.Э. Циолковскому в ответ на его заметку ""Кто видел Болид?"". Вид материала: письмо Способ воспроизведения: автограф Языки: русский",https://www.ras.ru/ktsiolkovskyarchive/1_actview.aspx?id=1766
Опись 4,755,4,ok,"Письмо Евгения Ивановича Белозерского к К.Э. Циолковскому в ответ на его заметку ""Кто видел Болид?"". Вид материала: письмо Способ воспроизведения: автограф Языки: русский",https://www.ras.ru/ktsiolkovskyarchive/1_actview.aspx?id=1767
Опись 4,756,4,ok,"Письмо учителя Макаровской школы Ивана Белякова к К.Э. Циолковскому в ответ на его заметку ""Кто видел Болид?"". Вид материала: письмо Способ воспроизведения: автограф Языки: русский",https://www.ras.ru/ktsiolkovskyarchive/1_actview.aspx?id=1768
Опись 4,757,6,ok,"Письмо техника путей сообщения Е.Е. Березина к К.Э. Циолковскому в ответ на его заметку ""Кто видел Болид?"". Вид материала: письмо Способ воспроизведения: автограф Языки: русский",https://www.ras.ru/ktsiolkovskyarchive/1_actview.aspx?id=1769
Опись 4,758,3,ok,"Письмо врача В. Благовещенского к К.Э. Циолковскому в ответ на его заметку ""Кто видел Болид?"". Вид материала: письмо Способ воспроизведения: автограф Языки: русский",https://www.ras.ru/ktsiolkovskyarchive/1_actview.aspx?id=1770
Опись 4,759,4,ok,"Письмо рабочего завода №11 Виктора Бокова к К.Э. Циолковскому в ответ на его заметку ""Кто видел Болид?"". Вид материала: письмо Способ воспроизведения: автограф Языки: русский",https://www.ras.ru/ktsiolkovskyarchive/1_actview.aspx?id=1771
Опись 4,760,3,ok,"Письмо Боярского к К.Э. Циолковскому в ответ на его заметку ""Кто видел Болид?». Вид материала: письмо Способ воспроизведения: автограф Языки: русский",https://www.ras.ru/ktsiolkovskyarchive/1_actview.aspx?id=1772
Опись 4,761,3,ok,"Письмо С.Л. Будинова к К.Э. Циолковскому в ответ на его заметку ""Кто видел Болид?». Вид материала: письмо Способ воспроизведения: автограф Языки: русский",https://www.ras.ru/ktsiolkovskyarchive/1_actview.aspx?id=1773
Опись 4,762,6,ok,"Письмо инженера М.Е. Быханова к К.Э. Циолковскому в ответ на его заметку ""Кто видел Болид?». Вид материала: письмо Способ воспроизведения: автограф Языки: русский",https://www.ras.ru/ktsiolkovskyarchive/1_actview.aspx?id=1774
Опись 4,763,4,ok,"Письмо С. Васильева к К.Э. Циолковскому в ответ на его заметку ""Кто видел Болид?». Вид материала: письмо Способ воспроизведения: машинопись Языки: русский",https://www.ras.ru/ktsiolkovskyarchive/1_actview.aspx?id=1775
Опись 4,764,4,ok,"Письмо сотрудницы редакции журнала ""Техника молодежи"" В. Вейде к К.Э. Циолковскому в ответ на его заметку ""Кто видел Болид?». Вид материала: письмо Способ воспроизведения: машинопись Языки: русский",https://www.ras.ru/ktsiolkovskyarchive/1_actview.aspx?id=1776
Опись 4,765,3,ok,"Письмо заведующей Сергиевской школой А.А. Величко к К.Э. Циолковскому в ответ на его заметку ""Кто видел Болид?». Вид материала: письмо Способ воспроизведения: автограф Языки: русский",https://www.ras.ru/ktsiolkovskyarchive/1_actview.aspx?id=1777
Опись 4,766,3,ok,"Письмо П.Д. Величко к К.Э. Циолковскому в ответ на его заметку ""Кто видел Болид?». Вид материала: письмо Способ воспроизведения: автограф Языки: русский",https://www.ras.ru/ktsiolkovskyarchive/1_actview.aspx?id=1778
Опись 4,767,4,ok,"Письмо Степана Васильевича Верёвкина к К.Э. Циолковскому в ответ на его заметку ""Кто видел Болид?». Вид материала: письмо Способ воспроизведения: автограф Языки: русский",https://www.ras.ru/ktsiolkovskyarchive/1_actview.aspx?id=1779
Опись 4,768,4,ok,"Письмо ученика школы ШКМ Василия Васильевича Виноградова к К.Э. Циолковскому в ответ на его заметку ""Кто видел Болид?». Вид материала: письмо Способ воспроизведения: автограф Языки: русский",https://www.ras.ru/ktsiolkovskyarchive/1_actview.aspx?id=1780
Опись 4,769,4,ok,"Письмо бухгалтера Сергея Сергеевича Винокурова к К.Э. Циолковскому в ответ на его заметку ""Кто видел Болид?». Вид материала: письмо Способ воспроизведения: автограф Языки: русский",https://www.ras.ru/ktsiolkovskyarchive/1_actview.aspx?id=1781
Опись 4,770,3,ok,"Письмо Вл. Вихляева к К.Э. Циолковскому в ответ на его заметку ""Кто видел Болид?». Вид материала: письмо Способ воспроизведения: автограф Языки: русский",https://www.ras.ru/ktsiolkovskyarchive/1_actview.aspx?id=1782
Опись 4,772,4,ok,"Письмо председателя правления Бежецкого райпотребсоюза Власова к К.Э. Циолковскому в ответ на его заметку ""Кто видел Болид?». Вид материала: письмо Способ воспроизведения: машинопись Языки: русский",https://www.ras.ru/ktsiolkovskyarchive/1_actview.aspx?id=1783
Опись 4,773,3,ok,"Письмо В. Воздвиженского к К.Э. Циолковскому в ответ на его заметку ""Кто видел Болид?». Вид материала: письмо Способ воспроизведения: автограф Языки: русский",https://www.ras.ru/ktsiolkovskyarchive/1_actview.aspx?id=1784
Опись 4,774,4,ok,"Письмо лесовода Вл. Мих[айловича] Вознесенского к К.Э. Циолковскому в ответ на его заметку ""Кто видел Болид?». Вид материала: письмо Способ воспроизведения: автограф Языки: русский",https://www.ras.ru/ktsiolkovskyarchive/1_actview.aspx?id=1785
Опись 4,775,3,ok,"Письмо Станислава Войцеховича к К.Э. Циолковскому в ответ на его заметку ""Кто видел Болид?». Вид материала: письмо Способ воспроизведения: автограф Языки: русский",https://www.ras.ru/ktsiolkovskyarchive/1_actview.aspx?id=1786
Опись 4,776,3,ok,"Письмо П.В. Волкова к К.Э. Циолковскому в ответ на его заметку ""Кто видел Болид?». Вид материала: письмо Способ воспроизведения: автограф Языки: русский",https://www.ras.ru/ktsiolkovskyarchive/1_actview.aspx?id=1787
Опись 4,777,3,ok,"Письмо В. Волобуева к К.Э. Циолковскому в ответ на его заметку ""Кто видел Болид?». Вид материала: письмо Способ воспроизведения: автограф Языки: русский",https://www.ras.ru/ktsiolkovskyarchive/1_actview.aspx?id=1788
Опись 4,778,6,ok,"Письмо главного механика 1-го таксомоторного парка Георгия Захаровича Гаврилова к К.Э. Циолковскому в ответ на его заметку ""Кто видел Болид?». Вид материала: письмо Способ воспроизведения: автограф Языки: русский",https://www.ras.ru/ktsiolkovskyarchive/1_actview.aspx?id=1789
Опись 4,779,2,ok,"Письмо Ивана Антиповича Гаврилюка к К.Э. Циолковскому в ответ на его заметку ""Кто видел Болид?». Вид материала: письмо Способ воспроизведения: автограф Языки: русский",https://www.ras.ru/ktsiolkovskyarchive/1_actview.aspx?id=1790
Опись 4,780,5,ok,"Письмо техника Георгия Георгиевича Гангардта к К.Э. Циолковскому в ответ на его заметку ""Кто видел Болид?». Вид материала: письмо Способ воспроизведения: автограф Языки: русский",https://www.ras.ru/ktsiolkovskyarchive/1_actview.aspx?id=1791
Опись 4,781,5,ok,"Письмо Вас. И. Гвелесиани к К.Э. Циолковскому в ответ на его заметку ""Кто видел Болид?». Вид материала: письмо Способ воспроизведения: автограф Языки: русский",https://www.ras.ru/ktsiolkovskyarchive/1_actview.aspx?id=1792
Опись 4,782,5,ok,"Письмо В.П. Геннадиева к К.Э. Циолковскому в ответ на его заметку ""Кто видел Болид?». Вид материала: письмо Способ воспроизведения: автограф Языки: русский",https://www.ras.ru/ktsiolkovskyarchive/1_actview.aspx?id=1793
Опись 4,783,5,ok,"Письмо Константина Васильевича Глазкова к К.Э. Циолковскому в ответ на его заметку ""Кто видел Болид?». Вид материала: письмо Способ воспроизведения: автограф Языки: русский",https://www.ras.ru/ktsiolkovskyarchive/1_actview.aspx?id=1794
Опись 4,784,3,ok,"Письмо Ивана Сергеевича Гнезднёва к К.Э. Циолковскому в ответ на его заметку ""Кто видел Болид?». Вид материала: письмо Способ воспроизведения: автограф Языки: русский",https://www.ras.ru/ktsiolkovskyarchive/1_actview.aspx?id=1795
Опись 4,785,4,ok,"Письмо А.М. Година к К.Э. Циолковскому в ответ на его заметку ""Кто видел Болид?». Вид материала: письмо Способ воспроизведения: автограф Языки: русский",https://www.ras.ru/ktsiolkovskyarchive/1_actview.aspx?id=1796
Опись 4,786,4,ok,"Письмо заведующего метеорологической станцией Н.Б. Голенкевича к К.Э. Циолковскому в ответ на его заметку ""Кто видел Болид?». Вид материала: письмо Способ воспроизведения: автограф Языки: русский",https://www.ras.ru/ktsiolkovskyarchive/1_actview.aspx?id=1797
Опись 4,787,5,ok,"Письмо Л. Головина к К.Э. Циолковскому в ответ на его заметку ""Кто видел Болид?». Вид материала: письмо Способ воспроизведения: автограф Языки: русский",https://www.ras.ru/ktsiolkovskyarchive/1_actview.aspx?id=1798
Опись 4,788,5,ok,"Письмо Т.А. Головинова к К.Э. Циолковскому в ответ на его заметку ""Кто видел Болид?». Вид материала: письмо Способ воспроизведения: автограф Языки: русский",https://www.ras.ru/ktsiolkovskyarchive/1_actview.aspx?id=1799
Опись 4,789,4,ok,"Письмо школьника Вадима Голубцова к К.Э. Циолковскому в ответ на его заметку ""Кто видел Болид?». Вид материала: письмо Способ воспроизведения: автограф Языки: русский",https://www.ras.ru/ktsiolkovskyarchive/1_actview.aspx?id=1800
Опись 4,790,3,ok,"Письмо С.М. Гоухберга к К.Э. Циолковскому в ответ на его заметку ""Кто видел Болид?». Вид материала: письмо Способ воспроизведения: автограф Языки: русский",https://www.ras.ru/ktsiolkovskyarchive/1_actview.aspx?id=1801
Опись 4,791,5,ok,"Письмо Н.А. Громова к К.Э. Циолковскому в ответ на его заметку ""Кто видел Болид?». Вид материала: письмо Способ воспроизведения: автограф Языки: русский",https://www.ras.ru/ktsiolkovskyarchive/1_actview.aspx?id=1802
Опись 4,792,3,ok,"Письмо В. Грязнова к К.Э. Циолковскому в ответ на его заметку ""Кто видел Болид?». Вид материала: письмо Способ воспроизведения: автограф Языки: русский",https://www.ras.ru/ktsiolkovskyarchive/1_actview.aspx?id=1803
Опись 4,793,3,ok,"Письмо В. Данилина к К.Э. Циолковскому в ответ на его заметку ""Кто видел Болид?». Вид материала: письмо Способ воспроизведения: машинопись Языки: русский",https://www.ras.ru/ktsiolkovskyarchive/1_actview.aspx?id=1804
Опись 4,794,3,ok,"Письмо школьника И. Дебольского к К.Э. Циолковскому в ответ на его заметку ""Кто видел Болид?». Вид материала: письмо Способ воспроизведения: автограф Языки: русский",https://www.ras.ru/ktsiolkovskyarchive/1_actview.aspx?id=1805
Опись 4,795,4,ok,"Письмо инспектора Госстраха П.Я. Демидова к К.Э. Циолковскому в ответ на его заметку ""Кто видел Болид?». Вид материала: письмо Способ воспроизведения: автограф Языки: русский",https://www.ras.ru/ktsiolkovskyarchive/1_actview.aspx?id=1806
Опись 4,796,5,ok,"Письмо Н. Денисова к К.Э. Циолковскому в ответ на его заметку ""Кто видел Болид?». Вид материала: письмо Способ воспроизведения: автограф Языки: русский",https://www.ras.ru/ktsiolkovskyarchive/1_actview.aspx?id=1807
Опись 4,797,4,ok,"Письмо начальника лаборатории полигона А.С. Добросердова к К.Э. Циолковскому в ответ на его заметку ""Кто видел Болид?». Вид материала: письмо Способ воспроизведения: автограф Языки: русский",https://www.ras.ru/ktsiolkovskyarchive/1_actview.aspx?id=1808
Опись 4,798,6,ok,"Письмо табельщика А.И. Донского к К.Э. Циолковскому в ответ на его заметку ""Кто видел Болид?». Вид материала: письмо Способ воспроизведения: автограф Языки: русский",https://www.ras.ru/ktsiolkovskyarchive/1_actview.aspx?id=1809
Опись 4,799,3,ok,"Письмо С. Дойникова к К.Э. Циолковскому в ответ на его заметку ""Кто видел Болид?». Вид материала: письмо Способ воспроизведения: автограф Языки: русский",https://www.ras.ru/ktsiolkovskyarchive/1_actview.aspx?id=1810
Опись 4,800,4,ok,"Письмо Петра Ивановича Докучаева к К.Э. Циолковскому в ответ на его заметку ""Кто видел Болид?». Вид материала: письмо Способ воспроизведения: автограф Языки: русский",https://www.ras.ru/ktsiolkovskyarchive/1_actview.aspx?id=1811
Опись 4,801,4,ok,"Письмо Л. Дорикова к К.Э. Циолковскому в ответ на его заметку ""Кто видел Болид?». Вид материала: письмо Способ воспроизведения: автограф Языки: русский",https://www.ras.ru/ktsiolkovskyarchive/1_actview.aspx?id=1812
Опись 4,802,3,ok,"Письмо доктора Льва Львовича Дорфмана к К.Э. Циолковскому в ответ на его заметку ""Кто видел Болид?». Вид материала: письмо Способ воспроизведения: автограф Языки: русский",https://www.ras.ru/ktsiolkovskyarchive/1_actview.aspx?id=1813
Опись 4,803,3,ok,"Письмо командира батальона Дьяченко к К.Э. Циолковскому в ответ на его заметку ""Кто видел Болид?». Вид материала: письмо Способ воспроизведения: автограф Языки: русский",https://www.ras.ru/ktsiolkovskyarchive/1_actview.aspx?id=1814
Опись 4,804,5,ok,"Письмо доцента Московского института стали А.М. Дымова к К.Э. Циолковскому в ответ на его заметку ""Кто видел Болид?». Вид материала: письмо Способ воспроизведения: автограф Языки: русский",https://www.ras.ru/ktsiolkovskyarchive/1_actview.aspx?id=1815
Опись 4,805,4,ok,"Письмо В. Егорова к К.Э. Циолковскому в ответ на его заметку ""Кто видел Болид?». Вид материала: письмо Способ воспроизведения: автограф Языки: русский",https://www.ras.ru/ktsiolkovskyarchive/1_actview.aspx?id=1816
Опись 4,805a,6,ok,"Письмо помощника инженера Николая Николаевича Еленина к К.Э. Циолковскому в ответ на его заметку ""Кто видел Болид?». Вид материала: письмо Способ воспроизведения: автограф Языки: русский",https://www.ras.ru/ktsiolkovskyarchive/1_actview.aspx?id=1817
Опись 4,806,5,ok,"Письмо А. Жучкова к К.Э. Циолковскому в ответ на его заметку ""Кто видел Болид?». Вид материала: письмо Способ воспроизведения: машинопись Языки: русский",https://www.ras.ru/ktsiolkovskyarchive/1_actview.aspx?id=1818
Опись 4,807,5,ok,"Письмо С. Заболотнова к К.Э. Циолковскому в ответ на его заметку ""Кто видел Болид?». Вид материала: письмо Способ воспроизведения: автограф Языки: русский",https://www.ras.ru/ktsiolkovskyarchive/1_actview.aspx?id=1819
Опись 4,808,14,ok,"Письма Николая Васильевича Заикина к К.Э. Циолковскому в ответ на его заметку ""Кто видел Болид?». Вид материала: письма Способ воспроизведения: автограф Языки: русский",https://www.ras.ru/ktsiolkovskyarchive/1_actview.aspx?id=1820
Опись 4,809,7,ok,"Письмо С. Закрасина к К.Э. Циолковскому в ответ на его заметку ""Кто видел Болид?». Вид материала: письмо Способ воспроизведения: автограф Языки: русский",https://www.ras.ru/ktsiolkovskyarchive/1_actview.aspx?id=1821
Опись 4,810,4,ok,"Письмо начальника административно-хозяйственного сектора Автоснаба Константина Константиновича Запрудского к К.Э. Циолковскому в ответ на его заметку ""Кто видел Болид?». Вид материала: письмо Способ воспроизведения: автограф Языки: русский",https://www.ras.ru/ktsiolkovskyarchive/1_actview.aspx?id=1822
Опись 4,811,4,ok,"Письмо школьника В. Звезденкова к К.Э. Циолковскому в ответ на его заметку ""Кто видел Болид?». Вид материала: письмо Способ воспроизведения: автограф Языки: русский",https://www.ras.ru/ktsiolkovskyarchive/1_actview.aspx?id=1823
Опись 4,812,4,ok,"Письмо преподавателей средней школы А.М. Звягина и Д.П. Свечникова к К.Э. Циолковскому в ответ на его заметку ""Кто видел Болид?». Вид материала: письмо Способ воспроизведения: автограф Языки: русский",https://www.ras.ru/ktsiolkovskyarchive/1_actview.aspx?id=1824
Опись 4,813,3,ok,"Письмо С.М. Иванова к К.Э. Циолковскому в ответ на его заметку ""Кто видел Болид?». Вид материала: письмо Способ воспроизведения: автограф Языки: русский",https://www.ras.ru/ktsiolkovskyarchive/1_actview.aspx?id=1825
Опись 4,814,4,ok,"Письмо Ивана Андреевича Ильина к К.Э. Циолковскому в ответ на его заметку ""Кто видел Болид?». Вид материала: письмо Способ воспроизведения: автограф Языки: русский",https://www.ras.ru/ktsiolkovskyarchive/1_actview.aspx?id=1826
Опись 4,815,5,ok,"Письмо Л.Н. Ильинского к К.Э. Циолковскому в ответ на его заметку ""Кто видел Болид?». Вид материала: письмо Способ воспроизведения: автограф Языки: русский",https://www.ras.ru/ktsiolkovskyarchive/1_actview.aspx?id=1827
Опись 4,816,3,ok,"Письмо Исаевых к К.Э. Циолковскому в ответ на его заметку ""Кто видел Болид?». Вид материала: письмо Способ воспроизведения: автограф Языки: русский",https://www.ras.ru/ktsiolkovskyarchive/1_actview.aspx?id=1828
Опись 4,817,6,ok,"Письмо Михаила Васильевича Каменева к К.Э. Циолковскому в ответ на его заметку ""Кто видел Болид?». Вид материала: письмо Способ воспроизведения: автограф Языки: русский",https://www.ras.ru/ktsiolkovskyarchive/1_actview.aspx?id=1829
Опись 4,818,3,ok,"Письмо К.Н. Каневского к К.Э. Циолковскому в ответ на его заметку ""Кто видел Болид?». Вид материала: письмо Способ воспроизведения: автограф Языки: русский",https://www.ras.ru/ktsiolkovskyarchive/1_actview.aspx?id=1830
Опись 4,819,4,ok,"Письмо зоотехника В. Каплана к К.Э. Циолковскому в ответ на его заметку ""Кто видел Болид?». Вид материала: письмо Способ воспроизведения: автограф Языки: русский",https://www.ras.ru/ktsiolkovskyarchive/1_actview.aspx?id=1831
Опись 4,820,5,ok,"Письмо А.С. Карапыша к К.Э. Циолковскому в ответ на его заметку ""Кто видел Болид?». Вид материала: письмо Способ воспроизведения: автограф Языки: русский",https://www.ras.ru/ktsiolkovskyarchive/1_actview.aspx?id=1832
Опись 4,821,5,ok,"Письмо Алексея Петровича Каширина к К.Э. Циолковскому в ответ на его заметку ""Кто видел Болид?». Вид материала: письмо Способ воспроизведения: автограф Языки: русский",https://www.ras.ru/ktsiolkovskyarchive/1_actview.aspx?id=1833
Опись 4,822,3,ok,"Письмо М. Кашириной к К.Э. Циолковскому в ответ на его заметку ""Кто видел Болид?». Вид материала: письмо Способ воспроизведения: автограф Языки: русский",https://www.ras.ru/ktsiolkovskyarchive/1_actview.aspx?id=1834
Опись 4,823,3,ok,"Письмо Евгения Кеммерлинга к К.Э. Циолковскому в ответ на его заметку ""Кто видел Болид?». Вид материала: письмо Способ воспроизведения: автограф Языки: русский",https://www.ras.ru/ktsiolkovskyarchive/1_actview.aspx?id=1835
Опись 4,824,3,ok,"Письмо учащихся Б. Китаева и А. Бутченко к К.Э. Циолковскому в ответ на его заметку ""Кто видел Болид?». Вид материала: письмо Способ воспроизведения: автограф Языки: русский",https://www.ras.ru/ktsiolkovskyarchive/1_actview.aspx?id=1836
Опись 4,825,4,ok,"Письмо врача Китаина к К.Э. Циолковскому в ответ на его заметку ""Кто видел Болид?». Вид материала: письмо Способ воспроизведения: автограф Языки: русский",https://www.ras.ru/ktsiolkovskyarchive/1_actview.aspx?id=1837
Опись 4,826,3,ok,"Письмо К. Ковалевского к К.Э. Циолковскому в ответ на его заметку ""Кто видел Болид?». Вид материала: письмо Способ воспроизведения: автограф Языки: русский",https://www.ras.ru/ktsiolkovskyarchive/1_actview.aspx?id=1838
Опись 4,827,6,ok,"Письмо красноармейца Николая Антоновича Козореза к К.Э. Циолковскому в ответ на его заметку ""Кто видел Болид?». Вид материала: письмо Способ воспроизведения: автограф Языки: русский",https://www.ras.ru/ktsiolkovskyarchive/1_actview.aspx?id=1839
Опись 4,828,5,ok,"Письмо Веры Козьяковой к К.Э. Циолковскому в ответ на его заметку ""Кто видел Болид?». Вид материала: письмо Способ воспроизведения: автограф Языки: русский",https://www.ras.ru/ktsiolkovskyarchive/1_actview.aspx?id=1840
Опись 4,829,4,ok,"Письмо техника А.Д. Кокорева к К.Э. Циолковскому в ответ на его заметку ""Кто видел Болид?». Вид материала: письмо Способ воспроизведения: автограф Языки: русский",https://www.ras.ru/ktsiolkovskyarchive/1_actview.aspx?id=1841
Опись 4,830,9,ok,"Письмо Колотенкова к К.Э. Циолковскому в ответ на его заметку ""Кто видел Болид?». Вид материала: письмо Способ воспроизведения: автограф Языки: русский",https://www.ras.ru/ktsiolkovskyarchive/1_actview.aspx?id=1842
Опись 4,831,4,ok,"Письмо З.И. Комарова к К.Э. Циолковскому в ответ на его заметку ""Кто видел Болид?». Вид материала: письмо Способ воспроизведения: автограф Языки: русский",https://www.ras.ru/ktsiolkovskyarchive/1_actview.aspx?id=1843
Опись 4,832,4,ok,"Письмо учителя С.П. Комарова к К.Э. Циолковскому в ответ на его заметку ""Кто видел Болид?». Вид материала: письмо Способ воспроизведения: автограф Языки: русский",https://www.ras.ru/ktsiolkovskyarchive/1_actview.aspx?id=1844
Опись 4,833,4,ok,"Письмо А. Копрова к К.Э. Циолковскому в ответ на его заметку ""Кто видел Болид?». Вид материала: письмо Способ воспроизведения: автограф Языки: русский",https://www.ras.ru/ktsiolkovskyarchive/1_actview.aspx?id=1845
Опись 4,834,3,ok,"Письмо В.В. Корнаушкина к К.Э. Циолковскому в ответ на его заметку ""Кто видел Болид?». Вид материала: письмо Способ воспроизведения: автограф Языки: русский",https://www.ras.ru/ktsiolkovskyarchive/1_actview.aspx?id=1846
Опись 4,835,3,ok,"Письмо А.М. Костякова к К.Э. Циолковскому в ответ на его заметку ""Кто видел Болид?». Вид материала: письмо Способ воспроизведения: автограф Языки: английский, русский",https://www.ras.ru/ktsiolkovskyarchive/1_actview.aspx?id=1847
Опись 4,836,3,ok,"Письмо счетовода Людмилы Кошкиной к К.Э. Циолковскому в ответ на его заметку ""Кто видел Болид?». Вид материала: письмо Способ воспроизведения: автограф Языки: русский",https://www.ras.ru/ktsiolkovskyarchive/1_actview.aspx?id=1848
Опись 4,837,6,ok,"Письмо Николая Леонидовича Краснова к К.Э. Циолковскому в ответ на его заметку ""Кто видел Болид?». Вид материала: письмо Способ воспроизведения: автограф Языки: русский",https://www.ras.ru/ktsiolkovskyarchive/1_actview.aspx?id=1849
Опись 4,838,4,ok,"Письмо Б. Кругина к К.Э. Циолковскому в ответ на его заметку ""Кто видел Болид?». Вид материала: письмо Способ воспроизведения: автограф Языки: русский",https://www.ras.ru/ktsiolkovskyarchive/1_actview.aspx?id=1850
Опись 4,839,3,ok,"Письмо А. Кулешовой к К.Э. Циолковскому в ответ на его заметку ""Кто видел Болид?». Вид материала: письмо Способ воспроизведения: автограф Языки: русский",https://www.ras.ru/ktsiolkovskyarchive/1_actview.aspx?id=1851
Опись 4,840,6,ok,"Письмо ученого, секретаря Комитета по метеоритам АН СССР Л.А. Кулика к К.Э. Циолковскому в ответ на его заметку ""Кто видел Болид?». Вид материала: письмо Способ воспроизведения: автограф Языки: русский",https://www.ras.ru/ktsiolkovskyarchive/1_actview.aspx?id=1852
Опись 4,840a,7,ok,"Письма А. Куракиной к К.Э. Циолковскому в ответ на его заметку ""Кто видел Болид?». Вид материала: письма Способ воспроизведения: автограф Языки: русский",https://www.ras.ru/ktsiolkovskyarchive/1_actview.aspx?id=1853
Опись 4,841,3,ok,"Письмо Р.А. Курса к К.Э. Циолковскому в ответ на его заметку ""Кто видел Болид?». Вид материала: письмо Способ воспроизведения: автограф Языки: русский",https://www.ras.ru/ktsiolkovskyarchive/1_actview.aspx?id=1854
Опись 4,842,3,ok,"Письмо научного работника Московского Электротехнического Института Связи В. Лаврова к К.Э. Циолковскому в ответ на его заметку ""Кто видел Болид?». Вид материала: письмо Способ воспроизведения: автограф Языки: русский",https://www.ras.ru/ktsiolkovskyarchive/1_actview.aspx?id=1855
Опись 4,843,3,ok,"Письмо В.Д. Ларме к К.Э. Циолковскому в ответ на его заметку ""Кто видел Болид?». Вид материала: письмо Способ воспроизведения: автограф Языки: русский",https://www.ras.ru/ktsiolkovskyarchive/1_actview.aspx?id=1856
Опись 4,844,3,ok,"Письмо Л. Латунова к К.Э. Циолковскому в ответ на его заметку ""Кто видел Болид?». Вид материала: письмо Способ воспроизведения: автограф Языки: русский",https://www.ras.ru/ktsiolkovskyarchive/1_actview.aspx?id=1857
Опись 4,845,3,ok,"Письмо А.Д. Лебедева к К.Э. Циолковскому в ответ на его заметку ""Кто видел Болид?». Вид материала: письмо Способ воспроизведения: автограф Языки: русский",https://www.ras.ru/ktsiolkovskyarchive/1_actview.aspx?id=1858
Опись 4,846,4,ok,"Письмо инструктора физкультуры Левицкого к К.Э. Циолковскому в ответ на его заметку ""Кто видел Болид?». Вид материала: письмо Способ воспроизведения: автограф Языки: русский",https://www.ras.ru/ktsiolkovskyarchive/1_actview.aspx?id=1859
Опись 4,847,4,ok,"Письмо А.Н. Лускарева к К.Э. Циолковскому в ответ на его заметку ""Кто видел Болид?». Вид материала: письмо Способ воспроизведения: автограф Языки: русский",https://www.ras.ru/ktsiolkovskyarchive/1_actview.aspx?id=1860
Опись 4,848,4,ok,"Письмо Григория Михайловича Лыхина к К.Э. Циолковскому в ответ на его заметку ""Кто видел Болид?». Вид материала: письмо Способ воспроизведения: автограф Языки: русский",https://www.ras.ru/ktsiolkovskyarchive/1_actview.aspx?id=1861
Опись 4,849,5,ok,"Письмо рабочего И.И. Макарова к К.Э. Циолковскому в ответ на его заметку ""Кто видел Болид?». Вид материала: письмо Способ воспроизведения: автограф Языки: русский",https://www.ras.ru/ktsiolkovskyarchive/1_actview.aspx?id=1862
Опись 4,850,5,ok,"Письмо студентки техникума Нины И. Малаховской к К.Э. Циолковскому в ответ на его заметку ""Кто видел Болид?». Вид материала: письмо Способ воспроизведения: автограф Языки: русский",https://www.ras.ru/ktsiolkovskyarchive/1_actview.aspx?id=1863
Опись 4,851,10,ok,"Письмо Мечислава Севериновича Малевича к К.Э. Циолковскому в ответ на его заметку ""Кто видел Болид?». Вид материала: письмо Способ воспроизведения: автограф Языки: русский",https://www.ras.ru/ktsiolkovskyarchive/1_actview.aspx?id=1864
Опись 4,852,3,ok,"Письмо Вячеслава Владимировича Малинко к К.Э. Циолковскому в ответ на его заметку ""Кто видел Болид?». Вид материала: письмо Способ воспроизведения: автограф Языки: русский",https://www.ras.ru/ktsiolkovskyarchive/1_actview.aspx?id=1865
Опись 4,853,4,ok,"Письмо В.Н. Малова к К.Э. Циолковскому в ответ на его заметку ""Кто видел Болид?». Вид материала: письмо Способ воспроизведения: автограф Языки: русский",https://www.ras.ru/ktsiolkovskyarchive/1_actview.aspx?id=1866
Опись 4,853a,6,ok,"Письма Ф. Маркевича к К.Э. Циолковскому в ответ на его заметку ""Кто видел Болид?». Вид материала: письма Способ воспроизведения: автограф Языки: русский",https://www.ras.ru/ktsiolkovskyarchive/1_actview.aspx?id=1867
Опись 4,854,3,ok,"Письмо Д. Масленникова к К.Э. Циолковскому в ответ на его заметку ""Кто видел Болид?». Вид материала: письмо Способ воспроизведения: автограф Языки: русский",https://www.ras.ru/ktsiolkovskyarchive/1_actview.aspx?id=1868
Опись 4,855,4,ok,"Письмо Николая Машонкина к К.Э. Циолковскому в ответ на его заметку ""Кто видел Болид?». Вид материала: письмо Способ воспроизведения: автограф Языки: русский",https://www.ras.ru/ktsiolkovskyarchive/1_actview.aspx?id=1869
Опись 4,856,3,ok,"Письмо Н. Медведкина к К.Э. Циолковскому в ответ на его заметку ""Кто видел Болид?». Вид материала: письмо Способ воспроизведения: автограф Языки: русский",https://www.ras.ru/ktsiolkovskyarchive/1_actview.aspx?id=1870
Опись 4,857,4,ok,"Письмо А. и Н. Медянцевых к К.Э. Циолковскому в ответ на его заметку ""Кто видел Болид?». Вид материала: письмо Способ воспроизведения: автограф Языки: русский",https://www.ras.ru/ktsiolkovskyarchive/1_actview.aspx?id=1871
Опись 4,858,3,ok,"Письмо Н. Милюкова к К.Э. Циолковскому в ответ на его заметку ""Кто видел Болид?». Вид материала: письмо Способ воспроизведения: автограф Языки: русский",https://www.ras.ru/ktsiolkovskyarchive/1_actview.aspx?id=1872
Опись 4,859,4,ok,"Письмо колхозника Якова Андреевича Минского к К.Э. Циолковскому в ответ на его заметку ""Кто видел Болид?». Вид материала: письмо Способ воспроизведения: автограф Языки: английский, русский",https://www.ras.ru/ktsiolkovskyarchive/1_actview.aspx?id=1873
Опись 4,859a,9,ok,"Письма Николая Константиновича Мниховича к К.Э. Циолковскому в ответ на его заметку ""Кто видел Болид?». Вид материала: письма Способ воспроизведения: автограф Языки: русский",https://www.ras.ru/ktsiolkovskyarchive/1_actview.aspx?id=1874
Опись 4,860,4,ok,"Письмо Б. Моделя к К.Э. Циолковскому в ответ на его заметку ""Кто видел Болид?». Вид материала: письмо Способ воспроизведения: автограф Языки: русский",https://www.ras.ru/ktsiolkovskyarchive/1_actview.aspx?id=1875
Опись 4,861,4,ok,"Письмо Василия Гавриловича Морева к К.Э. Циолковскому в ответ на его заметку ""Кто видел Болид?». Вид материала: письмо Способ воспроизведения: автограф Языки: русский",https://www.ras.ru/ktsiolkovskyarchive/1_actview.aspx?id=1876
Опись 4,862,3,ok,"Письмо ботаника Михаила Ивановича Назарова к К.Э. Циолковскому в ответ на его заметку ""Кто видел Болид?». Вид материала: письмо Способ воспроизведения: автограф Языки: русский",https://www.ras.ru/ktsiolkovskyarchive/1_actview.aspx?id=1877
Опись 4,863,3,ok,"Письмо И.А. Неганова к К.Э. Циолковскому в ответ на его заметку ""Кто видел Болид?». Вид материала: письмо Способ воспроизведения: автограф Языки: русский",https://www.ras.ru/ktsiolkovskyarchive/1_actview.aspx?id=1878
Опись 4,864,3,ok,"Письмо Д. Нестерова к К.Э. Циолковскому в ответ на его заметку ""Кто видел Болид?». Вид материала: письмо Способ воспроизведения: автограф Языки: русский",https://www.ras.ru/ktsiolkovskyarchive/1_actview.aspx?id=1879
Опись 4,865,4,ok,"Письмо студента В. Нефедьева к К.Э. Циолковскому в ответ на его заметку ""Кто видел Болид?». Вид материала: письмо Способ воспроизведения: автограф Языки: русский",https://www.ras.ru/ktsiolkovskyarchive/1_actview.aspx?id=1880
Опись 4,866,3,ok,"Письмо электросварщика Василия Георгиевича Никитина к К.Э. Циолковскому в ответ на его заметку ""Кто видел Болид?». Вид материала: письмо Способ воспроизведения: автограф Языки: русский",https://www.ras.ru/ktsiolkovskyarchive/1_actview.aspx?id=1881
Опись 4,867,3,ok,"Письмо Марии Сергеевны Новик к К.Э. Циолковскому в ответ на его заметку ""Кто видел Болид?». Вид материала: письмо Способ воспроизведения: автограф Языки: русский",https://www.ras.ru/ktsiolkovskyarchive/1_actview.aspx?id=1882
Опись 4,868,4,ok,"Письмо К.И. Новикова к К.Э. Циолковскому в ответ на его заметку ""Кто видел Болид?». Вид материала: письмо Способ воспроизведения: автограф Языки: русский",https://www.ras.ru/ktsiolkovskyarchive/1_actview.aspx?id=1883
Опись 4,869,4,ok,"Письмо врача Новикова к К.Э. Циолковскому в ответ на его заметку ""Кто видел Болид?». Вид материала: письмо Способ воспроизведения: автограф Языки: русский",https://www.ras.ru/ktsiolkovskyarchive/1_actview.aspx?id=1884
Опись 4,870,3,ok,"Письмо преподавателя авиадела Новожилова к К.Э. Циолковскому в ответ на его заметку ""Кто видел Болид?». Вид материала: письмо Способ воспроизведения: автограф Языки: русский",https://www.ras.ru/ktsiolkovskyarchive/1_actview.aspx?id=1885
Опись 4,871,3,ok,"Письмо В. Оливетского к К.Э. Циолковскому в ответ на его заметку ""Кто видел Болид?». Вид материала: письмо Способ воспроизведения: автограф Языки: русский",https://www.ras.ru/ktsiolkovskyarchive/1_actview.aspx?id=1886
Опись 4,872,4,ok,"Письмо К. Осипенкова к К.Э. Циолковскому в ответ на его заметку ""Кто видел Болид?». Вид материала: письмо Способ воспроизведения: автограф Языки: русский",https://www.ras.ru/ktsiolkovskyarchive/1_actview.aspx?id=1887
Опись 4,873,3,ok,"Письмо В.М. Палуевой к К.Э. Циолковскому в ответ на его заметку ""Кто видел Болид?». Вид материала: письмо Способ воспроизведения: автограф Языки: русский",https://www.ras.ru/ktsiolkovskyarchive/1_actview.aspx?id=1888
Опись 4,873a,12,ok,"Письма школьника Ника Панкова к К.Э. Циолковскому в ответ на его заметку ""Кто видел Болид?». Вид материала: письма Способ воспроизведения: автограф Языки: русский",https://www.ras.ru/ktsiolkovskyarchive/1_actview.aspx?id=1889
Опись 4,874,4,ok,"Письмо С.П. Паринкина к К.Э. Циолковскому в ответ на его заметку ""Кто видел Болид?». Вид материала: письмо Способ воспроизведения: автограф Языки: русский",https://www.ras.ru/ktsiolkovskyarchive/1_actview.aspx?id=1890
Опись 4,875,5,ok,"Письмо преподавателя физики и математики Е. Пархоменко к К.Э. Циолковскому в ответ на его заметку ""Кто видел Болид?». Вид материала: письмо Способ воспроизведения: автограф Языки: русский",https://www.ras.ru/ktsiolkovskyarchive/1_actview.aspx?id=1891
Опись 4,876,4,ok,"Письмо школьника Владимира Педяша к К.Э. Циолковскому в ответ на его заметку ""Кто видел Болид?». Вид материала: письмо Способ воспроизведения: автограф Языки: русский",https://www.ras.ru/ktsiolkovskyarchive/1_actview.aspx?id=1892
Опись 4,877,3,ok,"Письмо В.Б. Пенина и Демидова к К.Э. Циолковскому в ответ на его заметку ""Кто видел Болид?». Вид материала: письмо Способ воспроизведения: автограф Языки: русский",https://www.ras.ru/ktsiolkovskyarchive/1_actview.aspx?id=1893
Опись 4,878,5,ok,"Письмо Тамары Перелюбской к К.Э. Циолковскому в ответ на его заметку ""Кто видел Болид?». Вид материала: письмо Способ воспроизведения: автограф Языки: русский",https://www.ras.ru/ktsiolkovskyarchive/1_actview.aspx?id=1894
Опись 4,879,3,ok,"Письмо старшего химика Московского Инженерно - строительного института Евгения Николаевича Перепёлкина к К.Э. Циолковскому в ответ на его заметку ""Кто видел Болид?». Вид материала: письмо Способ воспроизведения: автограф Языки: русский",https://www.ras.ru/ktsiolkovskyarchive/1_actview.aspx?id=1895
Опись 4,880,5,ok,"Письмо школьницы Любови Платоновой к К.Э. Циолковскому в ответ на его заметку ""Кто видел Болид?». Вид материала: письмо Способ воспроизведения: автограф Языки: русский",https://www.ras.ru/ktsiolkovskyarchive/1_actview.aspx?id=1896
Опись 4,881,4,ok,"Письмо М. Погодина к К.Э. Циолковскому в ответ на его заметку ""Кто видел Болид?». Вид материала: письмо Способ воспроизведения: автограф Языки: русский",https://www.ras.ru/ktsiolkovskyarchive/1_actview.aspx?id=1897
Опись 4,882,6,ok,"Письмо школьницы Лидии Поджес к К.Э. Циолковскому в ответ на его заметку ""Кто видел Болид?». Вид материала: письмо Способ воспроизведения: автограф Языки: русский",https://www.ras.ru/ktsiolkovskyarchive/1_actview.aspx?id=1898
Опись 4,883,3,ok,"Письмо А. Поленова к К.Э. Циолковскому в ответ на его заметку ""Кто видел Болид?». Вид материала: письмо Способ воспроизведения: автограф Языки: русский",https://www.ras.ru/ktsiolkovskyarchive/1_actview.aspx?id=1899
Опись 4,884,5,ok,"Письмо М.Д. Поликарпова к К.Э. Циолковскому в ответ на его заметку ""Кто видел Болид?». Вид материала: письмо Способ воспроизведения: автограф Языки: русский",https://www.ras.ru/ktsiolkovskyarchive/1_actview.aspx?id=1900
Опись 4,885,5,ok,"Письмо Ефима Андреевича Полякова к К.Э. Циолковскому в ответ на его заметку ""Кто видел Болид?». Вид материала: письмо Способ воспроизведения: автограф Языки: русский",https://www.ras.ru/ktsiolkovskyarchive/1_actview.aspx?id=1901
Опись 4,886,5,ok,"Письмо Дмитрия Степановича Попкова к К.Э. Циолковскому в ответ на его заметку ""Кто видел Болид?». Вид материала: письмо Способ воспроизведения: автограф Языки: русский",https://www.ras.ru/ktsiolkovskyarchive/1_actview.aspx?id=1902
Опись 4,887,4,ok,"Письмо Влад[ислава] Павл[овича] Попцова к К.Э. Циолковскому в ответ на его заметку ""Кто видел Болид?». Вид материала: письмо Способ воспроизведения: автограф Языки: русский",https://www.ras.ru/ktsiolkovskyarchive/1_actview.aspx?id=1903
Опись 4,888,3,ok,"Письмо И.В. Поспелова к К.Э. Циолковскому в ответ на его заметку ""Кто видел Болид?». Вид материала: письмо Способ воспроизведения: автограф Языки: русский",https://www.ras.ru/ktsiolkovskyarchive/1_actview.aspx?id=1904
Опись 4,889,3,ok,"Письмо Анатолия Николаевича Потапова к К.Э. Циолковскому в ответ на его заметку ""Кто видел Болид?». Вид материала: письмо Способ воспроизведения: автограф Языки: русский",https://www.ras.ru/ktsiolkovskyarchive/1_actview.aspx?id=1905
Опись 4,890,4,ok,"Письмо преподавателя Алексея Николаевича Профецкого к К.Э. Циолковскому в ответ на его заметку ""Кто видел Болид?». Вид материала: письмо Способ воспроизведения: автограф Языки: русский",https://www.ras.ru/ktsiolkovskyarchive/1_actview.aspx?id=1906
Опись 4,891,9,ok,"Письма доцента, сотрудника Ленинградского Астрономического Института Ив[ана] Ив[ановича] Путилина к К.Э. Циолковскому в ответ на его заметку ""Кто видел Болид?». Вид материала: письма Способ воспроизведения: автограф Языки: русский",https://www.ras.ru/ktsiolkovskyarchive/1_actview.aspx?id=1907
Опись 4,892,3,ok,"Письмо члена Коллегии защитников А. Розанова к К.Э. Циолковскому в ответ на его заметку ""Кто видел Болид?». Вид материала: письмо Способ воспроизведения: автограф Языки: русский",https://www.ras.ru/ktsiolkovskyarchive/1_actview.aspx?id=1908
Опись 4,893,3,ok,"Письмо С.Ю. Розмана к К.Э. Циолковскому в ответ на его заметку ""Кто видел Болид?». Вид материала: письмо Способ воспроизведения: автограф Языки: русский",https://www.ras.ru/ktsiolkovskyarchive/1_actview.aspx?id=1909
Опись 4,894,4,ok,"Письмо наблюдателя Жуковской метеорологической станции Ртищева к К.Э. Циолковскому в ответ на его заметку ""Кто видел Болид?». Вид материала: письмо Способ воспроизведения: автограф Языки: русский",https://www.ras.ru/ktsiolkovskyarchive/1_actview.aspx?id=1910
Опись 4,895,3,ok,"Письмо В. Сазонова к К.Э. Циолковскому в ответ на его заметку ""Кто видел Болид?». Вид материала: письмо Способ воспроизведения: автограф Языки: русский",https://www.ras.ru/ktsiolkovskyarchive/1_actview.aspx?id=1911
Опись 4,896,5,ok,"Письмо инженера Л.А. Сазонова к К.Э. Циолковскому в ответ на его заметку ""Кто видел Болид?». Вид материала: письмо Способ воспроизведения: автограф Языки: русский",https://www.ras.ru/ktsiolkovskyarchive/1_actview.aspx?id=1912
Опись 4,897,3,ok,"Письмо Салапиной к К.Э. Циолковскому в ответ на его заметку ""Кто видел Болид?». Вид материала: письмо Способ воспроизведения: автограф Языки: русский",https://www.ras.ru/ktsiolkovskyarchive/1_actview.aspx?id=1913
Опись 4,898,4,ok,"Письмо учителя А. Сальникова к К.Э. Циолковскому в ответ на его заметку ""Кто видел Болид?». Вид материала: письмо Способ воспроизведения: автограф Языки: русский",https://www.ras.ru/ktsiolkovskyarchive/1_actview.aspx?id=1914
Опись 4,899,3,ok,"Письмо А.В. Салмина к К.Э. Циолковскому в ответ на его заметку ""Кто видел Болид?». Вид материала: письмо Способ воспроизведения: автограф Языки: английский, русский",https://www.ras.ru/ktsiolkovskyarchive/1_actview.aspx?id=1915
Опись 4,900,4,ok,"Письмо Л. Сафоновой к К.Э. Циолковскому в ответ на его заметку ""Кто видел Болид?». Вид материала: письмо Способ воспроизведения: автограф Языки: русский",https://www.ras.ru/ktsiolkovskyarchive/1_actview.aspx?id=1916
Опись 4,901,4,ok,"Письмо Алексея Васильевича Свирина к К.Э. Циолковскому в ответ на его заметку ""Кто видел Болид?». Вид материала: письмо Способ воспроизведения: автограф Языки: русский",https://www.ras.ru/ktsiolkovskyarchive/1_actview.aspx?id=1917
Опись 4,902,3,ok,"Письмо А. Семенко к К.Э. Циолковскому в ответ на его заметку ""Кто видел Болид?». Вид материала: письмо Способ воспроизведения: автограф Языки: русский",https://www.ras.ru/ktsiolkovskyarchive/1_actview.aspx?id=1918
Опись 4,903,3,ok,"Письмо инженера С. Серебрякова к К.Э. Циолковскому в ответ на его заметку ""Кто видел Болид?». Вид материала: письмо Способ воспроизведения: автограф Языки: русский",https://www.ras.ru/ktsiolkovskyarchive/1_actview.aspx?id=1919
Опись 4,904,7,ok,"Письмо Л. Сидорова к К.Э. Циолковскому в ответ на его заметку ""Кто видел Болид?». Вид материала: письмо Способ воспроизведения: автограф Языки: русский",https://www.ras.ru/ktsiolkovskyarchive/1_actview.aspx?id=1920
Опись 4,905,4,ok,"Письмо А. Силаева к К.Э. Циолковскому в ответ на его заметку ""Кто видел Болид?». Вид материала: письмо Способ воспроизведения: автограф Языки: русский",https://www.ras.ru/ktsiolkovskyarchive/1_actview.aspx?id=1921
Опись 4,906,5,ok,"Письмо Николая Петровича Синькина к К.Э. Циолковскому в ответ на его заметку ""Кто видел Болид?». Вид материала: письмо Способ воспроизведения: автограф Языки: русский",https://www.ras.ru/ktsiolkovskyarchive/1_actview.aspx?id=1922
Опись 4,907,5,ok,"Письмо преподавателя биологии и химии В. Смирновой к К.Э. Циолковскому в ответ на его заметку ""Кто видел Болид?». Вид материала: письмо Способ воспроизведения: автограф Языки: русский",https://www.ras.ru/ktsiolkovskyarchive/1_actview.aspx?id=1923
Опись 4,908,6,ok,"Письмо М.А. Смирновой к К.Э. Циолковскому в ответ на его заметку ""Кто видел Болид?». Вид материала: письмо Способ воспроизведения: автограф Языки: русский",https://www.ras.ru/ktsiolkovskyarchive/1_actview.aspx?id=1924
Опись 4,909,3,ok,"Письмо Т. Смирновой к К.Э. Циолковскому в ответ на его заметку ""Кто видел Болид?». Вид материала: письмо Способ воспроизведения: автограф Языки: русский",https://www.ras.ru/ktsiolkovskyarchive/1_actview.aspx?id=1925
Опись 4,910,5,ok,"Письмо К.И. Соколова к К.Э. Циолковскому в ответ на его заметку ""Кто видел Болид?». Вид материала: письмо Способ воспроизведения: автограф Языки: русский",https://www.ras.ru/ktsiolkovskyarchive/1_actview.aspx?id=1926
Опись 4,911,4,ok,"Письмо Ольги Мироновны Соколовой к К.Э. Циолковскому в ответ на его заметку ""Кто видел Болид?». Вид материала: письмо Способ воспроизведения: автограф Языки: русский",https://www.ras.ru/ktsiolkovskyarchive/1_actview.aspx?id=1927
Опись 4,912,8,ok,"Письмо М.И. Солодова к К.Э. Циолковскому в ответ на его заметку ""Кто видел Болид?». Вид материала: письмо Способ воспроизведения: автограф Языки: русский",https://www.ras.ru/ktsiolkovskyarchive/1_actview.aspx?id=1928
Опись 4,913,3,ok,"Письмо школьницы В. Спицыной к К.Э. Циолковскому в ответ на его заметку ""Кто видел Болид?». Вид материала: письмо Способ воспроизведения: автограф Языки: русский",https://www.ras.ru/ktsiolkovskyarchive/1_actview.aspx?id=1929
Опись 4,914,3,ok,"Письмо школьника Александра Александровича Старченко к К.Э. Циолковскому в ответ на его заметку ""Кто видел Болид?». Вид материала: письмо Способ воспроизведения: автограф Языки: русский",https://www.ras.ru/ktsiolkovskyarchive/1_actview.aspx?id=1930
Опись 4,915,3,ok,"Письмо М.В. Стеженского к К.Э. Циолковскому в ответ на его заметку ""Кто видел Болид?». Вид материала: письмо Способ воспроизведения: автограф Языки: русский",https://www.ras.ru/ktsiolkovskyarchive/1_actview.aspx?id=1931
Опись 4,916,5,ok,"Письмо Ювеналия Маркелловича Степанова к К.Э. Циолковскому в ответ на его заметку ""Кто видел Болид?». Вид материала: письмо Способ воспроизведения: автограф Языки: русский",https://www.ras.ru/ktsiolkovskyarchive/1_actview.aspx?id=1932
Опись 4,917,6,ok,"Письмо Ивана Семеновича Степанчикова к К.Э. Циолковскому в ответ на его заметку ""Кто видел Болид?». Вид материала: письмо Способ воспроизведения: автограф Языки: русский",https://www.ras.ru/ktsiolkovskyarchive/1_actview.aspx?id=1933
Опись 4,918,4,ok,"Письмо сотрудника Управления боевой подготовки РККА Стражевского к К.Э. Циолковскому в ответ на его заметку ""Кто видел Болид?». Вид материала: письмо Способ воспроизведения: автограф Языки: русский",https://www.ras.ru/ktsiolkovskyarchive/1_actview.aspx?id=1934
Опись 4,919,4,ok,"Письмо студента педтехникума Евгения Сухомлина к К.Э. Циолковскому в ответ на его заметку ""Кто видел Болид?». Вид материала: письмо Способ воспроизведения: автограф Языки: русский",https://www.ras.ru/ktsiolkovskyarchive/1_actview.aspx?id=1935
Опись 4,920,4,ok,"Письмо инженера М.М. Таланцева к К.Э. Циолковскому в ответ на его заметку ""Кто видел Болид?». Вид материала: письмо Способ воспроизведения: автограф Языки: русский",https://www.ras.ru/ktsiolkovskyarchive/1_actview.aspx?id=1936
Опись 4,921,3,ok,"Письмо художника Талдыкина к К.Э. Циолковскому в ответ на его заметку ""Кто видел Болид?». Вид материала: письмо Способ воспроизведения: автограф Языки: английский, русский",https://www.ras.ru/ktsiolkovskyarchive/1_actview.aspx?id=1937
Опись 4,922,4,ok,"Письмо школьника Николая [Константиновича] Тарасова к К.Э. Циолковскому в ответ на его заметку ""Кто видел Болид?». Вид материала: письмо Способ воспроизведения: автограф Языки: русский",https://www.ras.ru/ktsiolkovskyarchive/1_actview.aspx?id=1938
Опись 4,923,3,ok,"Письмо А. Тейле к К.Э. Циолковскому в ответ на его заметку ""Кто видел Болид?». Вид материала: письмо Способ воспроизведения: автограф Языки: русский",https://www.ras.ru/ktsiolkovskyarchive/1_actview.aspx?id=1939
Опись 4,924,3,ok,"Письмо Федора Федоровича Терентьева к К.Э. Циолковскому в ответ на его заметку ""Кто видел Болид?». Вид материала: письмо Способ воспроизведения: автограф Языки: русский",https://www.ras.ru/ktsiolkovskyarchive/1_actview.aspx?id=1940
Опись 4,925,3,ok,"Письмо лаборанта Н. Титова к К.Э. Циолковскому в ответ на его заметку ""Кто видел Болид?». Вид материала: письмо Способ воспроизведения: автограф Языки: русский",https://www.ras.ru/ktsiolkovskyarchive/1_actview.aspx?id=1941
Опись 4,926,3,ok,"Письмо сотрудника Госбанка С. Тихомирова к К.Э. Циолковскому в ответ на его заметку ""Кто видел Болид?». Вид материала: письмо Способ воспроизведения: автограф Языки: русский",https://www.ras.ru/ktsiolkovskyarchive/1_actview.aspx?id=1942
Опись 4,927,7,ok,"Письмо В. Тишечкина к К.Э. Циолковскому в ответ на его заметку ""Кто видел Болид?». Вид материала: письмо Способ воспроизведения: автограф Языки: русский",https://www.ras.ru/ktsiolkovskyarchive/1_actview.aspx?id=1943
Опись 4,928,3,ok,"Письмо зав. медпунктом Ольги Осиповны Тремут к К.Э. Циолковскому в ответ на его заметку ""Кто видел Болид?». Вид материала: письмо Способ воспроизведения: автограф Языки: русский",https://www.ras.ru/ktsiolkovskyarchive/1_actview.aspx?id=1944
Опись 4,929,3,ok,"Письмо Трофимова к К.Э. Циолковскому в ответ на его заметку ""Кто видел Болид?». Вид материала: письмо Способ воспроизведения: автограф Языки: русский",https://www.ras.ru/ktsiolkovskyarchive/1_actview.aspx?id=1945
Опись 4,930,5,ok,"Письмо Николая Федоровича Туманова к К.Э. Циолковскому в ответ на его заметку ""Кто видел Болид?». Вид материала: письмо Способ воспроизведения: автограф Языки: русский",https://www.ras.ru/ktsiolkovskyarchive/1_actview.aspx?id=1946
Опись 4,931,4,ok,"Письмо Н. Турчиновича к К.Э. Циолковскому в ответ на его заметку ""Кто видел Болид?». Вид материала: письмо Способ воспроизведения: автограф Языки: русский",https://www.ras.ru/ktsiolkovskyarchive/1_actview.aspx?id=1947
Опись 4,932,4,ok,"Письмо А.В. Умнова к К.Э. Циолковскому в ответ на его заметку ""Кто видел Болид?». Вид материала: письмо Способ воспроизведения: автограф Языки: русский",https://www.ras.ru/ktsiolkovskyarchive/1_actview.aspx?id=1948
Опись 4,933,5,ok,"Письмо студента С.П. Устиновича к К.Э. Циолковскому в ответ на его заметку ""Кто видел Болид?». Вид материала: письмо Способ воспроизведения: автограф Языки: русский",https://www.ras.ru/ktsiolkovskyarchive/1_actview.aspx?id=1949
Опись 4,934,6,ok,"Письмо агронома Фандеева к К.Э. Циолковскому в ответ на его заметку ""Кто видел Болид?». Вид материала: письмо Способ воспроизведения: автограф Языки: русский",https://www.ras.ru/ktsiolkovskyarchive/1_actview.aspx?id=1950
Опись 4,935,3,ok,"Письмо А.В. Федорова к К.Э. Циолковскому в ответ на его заметку ""Кто видел Болид?». Вид материала: письмо Способ воспроизведения: автограф Языки: русский",https://www.ras.ru/ktsiolkovskyarchive/1_actview.aspx?id=1951
Опись 4,936,3,ok,"Письмо Филиповского и В. Мельгунова к К.Э. Циолковскому в ответ на его заметку ""Кто видел Болид?». Вид материала: письмо Способ воспроизведения: автограф Языки: русский",https://www.ras.ru/ktsiolkovskyarchive/1_actview.aspx?id=1952
Опись 4,937,5,ok,"Письмо слесаря Фролова к К.Э. Циолковскому в ответ на его заметку ""Кто видел Болид?». Вид материала: письмо Способ воспроизведения: автограф Языки: русский",https://www.ras.ru/ktsiolkovskyarchive/1_actview.aspx?id=1953
Опись 4,938,3,ok,"Письмо преподавателя Б. Хавина к К.Э. Циолковскому в ответ на его заметку ""Кто видел Болид?». Вид материала: письмо Способ воспроизведения: автограф Языки: русский",https://www.ras.ru/ktsiolkovskyarchive/1_actview.aspx?id=1954
Опись 4,939,4,ok,"Письмо колхозника Григория Петровича Харламова к К.Э. Циолковскому в ответ на его заметку ""Кто видел Болид?». Вид материала: письмо Способ воспроизведения: автограф Языки: русский",https://www.ras.ru/ktsiolkovskyarchive/1_actview.aspx?id=1955
Опись 4,940,3,ok,"Письмо Хромова к К.Э. Циолковскому в ответ на его заметку ""Кто видел Болид?». Вид материала: письмо Способ воспроизведения: автограф Языки: русский",https://www.ras.ru/ktsiolkovskyarchive/1_actview.aspx?id=1956
Опись 4,941,8,ok,"Письма инженера-механика М. Хрущева к К.Э. Циолковскому в ответ на его заметку ""Кто видел Болид?». Вид материала: письма Способ воспроизведения: автограф Языки: русский",https://www.ras.ru/ktsiolkovskyarchive/1_actview.aspx?id=1957
Опись 4,942,3,ok,"Письмо студента П. Цветкова к К.Э. Циолковскому в ответ на его заметку ""Кто видел Болид?». Вид материала: письмо Способ воспроизведения: автограф Языки: русский",https://www.ras.ru/ktsiolkovskyarchive/1_actview.aspx?id=1958
Опись 4,943,3,ok,"Письмо зав. школой Е.Ч. Ченце к К.Э. Циолковскому в ответ на его заметку ""Кто видел Болид?». Вид материала: письмо Способ воспроизведения: автограф Языки: русский",https://www.ras.ru/ktsiolkovskyarchive/1_actview.aspx?id=1959
Опись 4,944,4,ok,"Письмо управдома Марии Игнатьевны Черепановой к К.Э. Циолковскому в ответ на его заметку ""Кто видел Болид?». Вид материала: письмо Способ воспроизведения: автограф Языки: русский",https://www.ras.ru/ktsiolkovskyarchive/1_actview.aspx?id=1960
Опись 4,945,4,ok,"Письмо А. Шакалиса к К.Э. Циолковскому в ответ на его заметку ""Кто видел Болид?». Вид материала: письмо Способ воспроизведения: автограф Языки: русский",https://www.ras.ru/ktsiolkovskyarchive/1_actview.aspx?id=1961
Опись 4,946,4,ok,"Письмо В. Шатова к К.Э. Циолковскому в ответ на его заметку ""Кто видел Болид?». Вид материала: письмо Способ воспроизведения: автограф Языки: русский",https://www.ras.ru/ktsiolkovskyarchive/1_actview.aspx?id=1962
Опись 4,947,4,ok,"Письмо А. Шлыкова к К.Э. Циолковскому в ответ на его заметку ""Кто видел Болид?». Вид материала: письмо Способ воспроизведения: автограф Языки: русский",https://www.ras.ru/ktsiolkovskyarchive/1_actview.aspx?id=1963
Опись 4,948,5,ok,"Письмо курсанта-комбайнера Петра Григорьевича Шульженко к К.Э. Циолковскому в ответ на его заметку ""Кто видел Болид?». Вид материала: письмо Способ воспроизведения: автограф Языки: русский",https://www.ras.ru/ktsiolkovskyarchive/1_actview.aspx?id=1964
Опись 4,949,3,ok,"Письмо пожарного инструктора Николая Васильевича Шульца к К.Э. Циолковскому в ответ на его заметку ""Кто видел Болид?». Вид материала: письмо Способ воспроизведения: автограф Языки: русский",https://www.ras.ru/ktsiolkovskyarchive/1_actview.aspx?id=1965
Опись 4,950,5,ok,"Письмо геолога Вадима Васильевича Шумова к К.Э. Циолковскому в ответ на его заметку ""Кто видел Болид?». Вид материала: письмо Способ воспроизведения: автограф Языки: русский",https://www.ras.ru/ktsiolkovskyarchive/1_actview.aspx?id=1966
Опись 4,951,5,ok,"Письмо И.Н. Шумского к К.Э. Циолковскому в ответ на его заметку ""Кто видел Болид?». Вид материала: письмо Способ воспроизведения: автограф Языки: русский",https://www.ras.ru/ktsiolkovskyarchive/1_actview.aspx?id=1967
Опись 4,952,4,ok,"Письмо Анатолия Михайловича Шагина к К.Э. Циолковскому в ответ на его заметку ""Кто видел Болид?». Вид материала: письмо Способ воспроизведения: автограф Языки: русский",https://www.ras.ru/ktsiolkovskyarchive/1_actview.aspx?id=1968
Опись 4,953,5,ok,"Письмо Ю.И. Ягодина к К.Э. Циолковскому в ответ на его заметку ""Кто видел Болид?». Вид материала: письмо Способ воспроизведения: автограф Языки: русский",https://www.ras.ru/ktsiolkovskyarchive/1_actview.aspx?id=1969
Опись 4,954,6,ok,"Письмо Б.Т. Яковлева к К.Э. Циолковскому в ответ на его заметку ""Кто видел Болид?». Вид материала: письмо Способ воспроизведения: автограф Языки: русский",https://www.ras.ru/ktsiolkovskyarchive/1_actview.aspx?id=1970
Опись 4,955,3,ok,"Письмо зоотехника В.Л. Ямковенко к К.Э. Циолковскому в ответ на его заметку ""Кто видел Болид?». Вид материала: письмо Способ воспроизведения: автограф Языки: русский",https://www.ras.ru/ktsiolkovskyarchive/1_actview.aspx?id=1971
Опись 4,956,3,ok,"Письмо С. Яткина к К.Э. Циолковскому в ответ на его заметку ""Кто видел Болид?». Вид материала: письмо Способ воспроизведения: автограф Языки: русский",https://www.ras.ru/ktsiolkovskyarchive/1_actview.aspx?id=1972
Опись 4,956a,3,ok,"Письмо из Пипиковского сельского совета Ясековского района Московской области к К.Э. Циолковскому в ответ на его заметку ""Кто видел Болид?». Вид материала: письмо Способ воспроизведения: автограф Языки: русский",https://www.ras.ru/ktsiolkovskyarchive/1_actview.aspx?id=1973
