opis_page,delo,pages_expected,status,title,source_url
1,35,208,ok,"Cтатья К.Э. Циолковского ""Реактивный прибор - ракета"". Напечатана в журнале ""Вестник воздухоплавания"" [№№ 2, 3, 5, 6, 7, 9 за 1911 - 1912 гг.]. ""Исследование мировых пространств реактивными приборами"" 1903 года",https://www.ras.ru/ktsiolkovskyarchive/1_actview.aspx?id=35
1,46,185,ok,"Статья К.Э. Циолковского ""Космический корабль"". 1-й вариант",https://www.ras.ru/ktsiolkovskyarchive/1_actview.aspx?id=46
1,34,176,ok,"Статья К.Э. Циолковского ""Исследование небесных пространств реактивными приборами""",https://www.ras.ru/ktsiolkovskyarchive/1_actview.aspx?id=34
1,51,175,ok,"Статья К.Э. Циолковского ""Аэроплан - ракета"" [Новый самолет для больших высот и скоростей] и материалы к ней",https://www.ras.ru/ktsiolkovskyarchive/1_actview.aspx?id=51
1,47,174,ok,"Статья К.Э. Циолковского ""Космический корабль"". 2-й вариант",https://www.ras.ru/ktsiolkovskyarchive/1_actview.aspx?id=47
1,84,162,ok,"Статья К.Э. Циолковского ""Альбом космических путешествий""",https://www.ras.ru/ktsiolkovskyarchive/1_actview.aspx?id=84
1,71,136,ok,"Статья К.Э. Циолковского ""Ускорение аэроплана высот от пропеллера"" [окончание труда ""Стратоплан полуреактивный""]",https://www.ras.ru/ktsiolkovskyarchive/1_actview.aspx?id=71
1,64,135,ok,"Статья К.Э. Циолковского ""Восходящее ускоренное движение ракетоплана""",https://www.ras.ru/ktsiolkovskyarchive/1_actview.aspx?id=64
1,45,126,ok,"Статья К.Э. Циолковского ""Исследование мировых пространств реактивными приборами"", таблицы, формулы и материалы к ней",https://www.ras.ru/ktsiolkovskyarchive/1_actview.aspx?id=45
1,105,123,ok,"Основы построения газовых машин, моторов и летательных приборов К.Э. Циолковского. Глава Х. Наибольшая скорость ракеты",https://www.ras.ru/ktsiolkovskyarchive/1_actview.aspx?id=105
1,50,122,ok,"Статья К.Э. Циолковского ""Заатмосферные путешествия. [Ракета]"" для журнала ""Огонек"" [окончательный вариант]. Один из них исправлен в 1926 г",https://www.ras.ru/ktsiolkovskyarchive/1_actview.aspx?id=50
1,74,111,ok,"Статья К.Э. Циолковского ""Реактивное движение"" [ответ редакции газеты ""Гудок"" на письмо от 28 апреля 1932 г.]. Опубликована в журнале ""В бой за технику"" [№№ 15-16, 1932 г.]",https://www.ras.ru/ktsiolkovskyarchive/1_actview.aspx?id=74
1,67,96,ok,"Таблицы, формулы, рисунки К.Э. Циолковского ""Стратоплан [полуреактивный]""",https://www.ras.ru/ktsiolkovskyarchive/1_actview.aspx?id=67
1,44,82,ok,"Статья К.Э. Циолковского ""Аэроплан - крыло - ракета"" и материалы к ней",https://www.ras.ru/ktsiolkovskyarchive/1_actview.aspx?id=44
1,109,74,ok,"Основы построения газовых машин, моторов и летательных приборов К.Э. Циолковского. Глава XI. Грубый расчет полета ракетоплана",https://www.ras.ru/ktsiolkovskyarchive/1_actview.aspx?id=109
1,122,72,ok,"Фрагменты статей К.Э. Циолковского, относящихся к вопросу о реактивных летательных аппаратах",https://www.ras.ru/ktsiolkovskyarchive/1_actview.aspx?id=122
1,66,71,ok,"Статья К.Э. Циолковского ""Стратоплан полуреактивный""",https://www.ras.ru/ktsiolkovskyarchive/1_actview.aspx?id=66
1,104,55,ok,"Основы построения газовых машин, моторов и летательных приборов К.Э. Циолковского. Глава VII. Наибольшая скорость вращения тел и запас их механической энергии. Фрагменты работы",https://www.ras.ru/ktsiolkovskyarchive/1_actview.aspx?id=104
1,60,54,ok,"Статья К.Э. Циолковского ""Труды о космической ракете"" [1903 - 1927 гг.]",https://www.ras.ru/ktsiolkovskyarchive/1_actview.aspx?id=60
1,116,52,ok,"Статья К.Э. Циолковского ""Фантазия ли заатмосферные полеты?""",https://www.ras.ru/ktsiolkovskyarchive/1_actview.aspx?id=116
1,32,43,ok,"Фрагменты рукописей К.Э. Циолковского ""Ракета"" 1897, 1902, 1903, 1911 гг",https://www.ras.ru/ktsiolkovskyarchive/1_actview.aspx?id=32
1,37,38,ok,"Отрывки вычислений К.Э. Циолковского ""Ракета""",https://www.ras.ru/ktsiolkovskyarchive/1_actview.aspx?id=37
1,87,37,ok,"Рисунки К.Э. Циолковского ""Межпланетные путешествия"" и объяснения для кинофильма",https://www.ras.ru/ktsiolkovskyarchive/1_actview.aspx?id=87
1,43,36,ok,"Статья К.Э. Циолковского ""Ракета. [Реактивный прибор пушечного типа или ракетного типа]""",https://www.ras.ru/ktsiolkovskyarchive/1_actview.aspx?id=43
1,76,36,ok,"Лекция К.Э. Циолковского ""Звездоплавание""",https://www.ras.ru/ktsiolkovskyarchive/1_actview.aspx?id=76
1,41,32,ok,"Дополнение к статье К.Э. Циолковского ""Ракета. Формулы"". ""Реактивный прибор - ракета""",https://www.ras.ru/ktsiolkovskyarchive/1_actview.aspx?id=41
1,93,32,ok,"Статья К.Э. Циолковского ""Снаряды, приобретающие космические скорости на суше или воде""",https://www.ras.ru/ktsiolkovskyarchive/1_actview.aspx?id=93
1,106,31,ok,"Статья К.Э. Циолковского ""Применение реактивных приборов к исследованию стратосферы"" [не окончена]",https://www.ras.ru/ktsiolkovskyarchive/1_actview.aspx?id=106
1,49,30,ok,"Набросок письма и статья К.Э. Циолковского ""Ракета"" для журнала ""Огонек"". [первоначальный вариант]",https://www.ras.ru/ktsiolkovskyarchive/1_actview.aspx?id=49
1,63,29,ok,"Формулы К.Э. Циолковского ""Восходящее ускоренное движение ракетоплана""",https://www.ras.ru/ktsiolkovskyarchive/1_actview.aspx?id=63
1,82,29,ok,"Статья К.Э. Циолковского ""Вращение тел, наибольшая скорость и запас механической энергии""",https://www.ras.ru/ktsiolkovskyarchive/1_actview.aspx?id=82
1,54,26,ok,"Предисловие К.Э. Циолковского к книге Н.А. Рынина ""История работ К.Э. Циолковского по ракетным кораблям""",https://www.ras.ru/ktsiolkovskyarchive/1_actview.aspx?id=54
1,36,24,ok,"Начало научно-популярной повести К.Э. Циолковского ""В двухтысячном году [К ракете]"", впоследствии развернутой в книге ""Вне Земли""",https://www.ras.ru/ktsiolkovskyarchive/1_actview.aspx?id=36
1,115,24,ok,"Статья К.Э. Циолковского ""Изобретателям реактивных машин""",https://www.ras.ru/ktsiolkovskyarchive/1_actview.aspx?id=115
1,73,21,ok,"Статья К.Э. Циолковского ""Реактивное движение и его успехи""",https://www.ras.ru/ktsiolkovskyarchive/1_actview.aspx?id=73
1,114,20,ok,"Статья К.Э. Циолковского ""Особый прием достижения высших скоростей реактивными летательными машинами""",https://www.ras.ru/ktsiolkovskyarchive/1_actview.aspx?id=114
1,40,19,ok,"Статья К.Э. Циолковского ""Космическая ракета. Завоевание Солнечной системы""",https://www.ras.ru/ktsiolkovskyarchive/1_actview.aspx?id=40
1,58,18,ok,"Статья К.Э. Циолковского ""Реактивный аэроплан""",https://www.ras.ru/ktsiolkovskyarchive/1_actview.aspx?id=58
1,68,17,ok,"Статья К.Э. Циолковского ""Звездоплавателям""",https://www.ras.ru/ktsiolkovskyarchive/1_actview.aspx?id=68
1,33,16,ok,"Статья К.Э. Циолковского ""Реактивный прибор, как средство полета в пустоте и в атмосфере"". Опубликована в журнале ""Воздухоплаватель"" [№2 за 1910 г., стр. 110-113]",https://www.ras.ru/ktsiolkovskyarchive/1_actview.aspx?id=33
1,88,16,ok,"Перечень картин К.Э. Циолковского, иллюстрирующих межпланетные путешествия с помощью ракеты и жизнь вне Земли, в Совкино. Надписи к картинам и замечания",https://www.ras.ru/ktsiolkovskyarchive/1_actview.aspx?id=88
1,118,16,ok,"Статья К.Э. Циолковского ""Авиация, воздухоплавание и ракетоплавание в 20-м веке""",https://www.ras.ru/ktsiolkovskyarchive/1_actview.aspx?id=118
1,38,13,ok,"Предисловие к повести К.Э. Циолковского ""Вне Земли"". Материал для предисловия [от меня или редакции]. Приложена машкопия с комментариями Б.Н. Воробьева",https://www.ras.ru/ktsiolkovskyarchive/1_actview.aspx?id=38
1,83,12,ok,"Статья К.Э. Циолковского ""Взрывчатые вещества для реактивного прибора [звездолета]""",https://www.ras.ru/ktsiolkovskyarchive/1_actview.aspx?id=83
1,30,11,ok,"Вычисления и формулы К.Э. Циолковского, относящиеся к вопросу о межпланетных сообщениях. [""Вопрос о вечном блаженстве""]",https://www.ras.ru/ktsiolkovskyarchive/1_actview.aspx?id=30
1,48,7,ok,"Конспективные записи К.Э. Циолковского ""Ракета. Взрывная труба"" расчетов и формул",https://www.ras.ru/ktsiolkovskyarchive/1_actview.aspx?id=48
1,55,7,ok,"Черновой набросок К.Э. Циолковского ""Скорый поезд"" к работе ""Труды о космической ракете""",https://www.ras.ru/ktsiolkovskyarchive/1_actview.aspx?id=55
1,119,7,ok,"Фрагменты статьи К.Э. Циолковского, посвященной космическим полетам",https://www.ras.ru/ktsiolkovskyarchive/1_actview.aspx?id=119
1,120,7,ok,"Таблицы К.Э. Циолковского, относящиеся к движению ракеты",https://www.ras.ru/ktsiolkovskyarchive/1_actview.aspx?id=120
1,94,6,ok,План К.Э. Циолковского к описанию путешествия на ракете вне Земли для кинофильма,https://www.ras.ru/ktsiolkovskyarchive/1_actview.aspx?id=94
1,39,5,ok,"Набросок статьи К.Э. Циолковского ""План ""Ракеты""",https://www.ras.ru/ktsiolkovskyarchive/1_actview.aspx?id=39
1,42,5,ok,"Формулы К.Э. Циолковского ""Атмосфера - ракета - труба""",https://www.ras.ru/ktsiolkovskyarchive/1_actview.aspx?id=42
1,52,5,ok,"Программа лекций К.Э. Циолковского ""Космическая ракета или снаряд для вселенских путешествий и иных целей""",https://www.ras.ru/ktsiolkovskyarchive/1_actview.aspx?id=52
1,53,4,ok,Письмо [О приоритете К.Э. Циолковского в вопросе о возвращении ракеты на Землю без затраты взрывчатого вещества],https://www.ras.ru/ktsiolkovskyarchive/1_actview.aspx?id=53
1,96,4,ok,Набросок программы работ К.Э. Циолковского в РНИИ [Реактивном научно-исследовательском Институте],https://www.ras.ru/ktsiolkovskyarchive/1_actview.aspx?id=96
1,77,3,ok,"Рисунки К.Э. Циолковского ""Скорый трамвайный вагон [для целей звездоплавания]""",https://www.ras.ru/ktsiolkovskyarchive/1_actview.aspx?id=77
